Poster,P1,https://raw.githubusercontent.com/MahsaRafii/mental-health/main/Posters/P1.jpg
Poster,P2,https://raw.githubusercontent.com/MahsaRafii/mental-health/main/Posters/P2.jpg
Poster,P3,https://raw.githubusercontent.com/MahsaRafii/mental-health/main/Posters/P3.jpg
Poster,P4,https://raw.githubusercontent.com/MahsaRafii/mental-health/main/Posters/P4.jpg
Poster,P5,https://raw.githubusercontent.com/MahsaRafii/mental-health/main/Posters/P5.jpg
Poster,P6,https://raw.githubusercontent.com/MahsaRafii/mental-health/main/Posters/P6.jpg
Poster,P7,https://raw.githubusercontent.com/MahsaRafii/mental-health/main/Posters/P7.jpg
Poster,P8,https://raw.githubusercontent.com/MahsaRafii/mental-health/main/Posters/P8.jpg
Poster,P9,https://raw.githubusercontent.com/MahsaRafii/mental-health/main/Posters/P9.jpg
Poster,P10,https://raw.githubusercontent.com/MahsaRafii/mental-health/main/Posters/P10.jpg
Poster,P11,https://raw.githubusercontent.com/MahsaRafii/mental-health/main/Posters/P11.jpg
Poster,P12,https://raw.githubusercontent.com/MahsaRafii/mental-health/main/Posters/P12.jpg
Poster,P13,https://raw.githubusercontent.com/MahsaRafii/mental-health/main/Posters/P13.jpg
Poster,P14,https://raw.githubusercontent.com/MahsaRafii/mental-health/main/Posters/P14.jpg
Poster,P15,https://raw.githubusercontent.com/MahsaRafii/mental-health/main/Posters/P15.jpg
Poster,P16,https://raw.githubusercontent.com/MahsaRafii/mental-health/main/Posters/P16.jpg
Poster,P17,https://raw.githubusercontent.com/MahsaRafii/mental-health/main/Posters/P17.jpg
Poster,P18,https://raw.githubusercontent.com/MahsaRafii/mental-health/main/Posters/P18.jpg
Book,Do not destroy yourself,
Book,How not to be a perfectionist,
Book,Man in search of meaning,
Book,The art of clear thinking,
Book,The subtle art of carelessness,
Music,Kereshmeh-Shariyar Rohani,https://raw.githubusercontent.com/MahsaRafii/mental-health/main/Music/Kereshmeh-Shariyar%20Rohani.mp3
Music,Little Mix Little Me,https://raw.githubusercontent.com/MahsaRafii/mental-health/main/Music/Little%20Mix%20Little%20Me.mp3
Music,niksho-com,https://raw.githubusercontent.com/MahsaRafii/mental-health/main/Music/niksho-com.mp3
Music,Tommy Berre - Path,https://raw.githubusercontent.com/MahsaRafii/mental-health/main/Music/Tommy%20Berre%20-%20Path.mp3
Music,Ye Rooze Paeizi,https://raw.githubusercontent.com/MahsaRafii/mental-health/main/Music/Ye%20Rooze%20Paeizi.mp3
Music,Mathew Joseph - Flannel Flowers,https://raw.githubusercontent.com/MahsaRafii/mental-health/main/Music/Mathew%20Joseph%20-%20Flannel%20Flowers.mp3
Text,T1,https://raw.githubusercontent.com/MahsaRafii/mental-health/main/Texts/Text_1.csv
Text,T2,https://raw.githubusercontent.com/MahsaRafii/mental-health/main/Texts/Text_2.csv
Text,T3,https://raw.githubusercontent.com/MahsaRafii/mental-health/main/Texts/Text_3.csv
Text,T4,https://raw.githubusercontent.com/MahsaRafii/mental-health/main/Texts/Text_4.csv
